Default LOINC Code,External Name
1007-4,"DAT, POLY COOMBS"
10230-1,SPECT LVEF
10230-1,SPECT LVEF
10335-8,"COLOR, CSF"
10339-0,FLUOX+NORFLUOXETINE
10365-5,"COTININE,SERUM"
10366-3,COTININE (U)
10466-1,ANION GAP
10466-1,ANION GAP
10466-1,ANION GAP
10539-5,GLIPIZIDE
10540-3,GLYBURIDE
10701-1,OVA AND PARASITES
10834-0,Globulin
10834-0,Globulin
10835-7,Lipoprotein (a) Chol
10857-1,MICROSPORIDIA STAIN
10882-9,"PENTACARBOXYL PORP,P"
10886-0,FREE PSA
10886-0,Prostate specific Ag.free
10894-4,Aspergillus niger
10896-9,"EEE IgG, S"
10897-7,"EEE Ab IgG, CSF"
10898-5,"EEE Ab, IgM, S"
10899-3,"EEE Ab, IgM, CSF"
10904-1,"LAC Ab, IgG, S"
10905-8,"LAC Ab, IgM, S"
10906-6,"SLE AB, IgG S"
10907-4,"SLE Ab, IgM, S"
10989-2,ITRACONAZOLE LVL
10992-6,NORCLOZAPINE
10998-3,Oxycodone Ur Qual
11011-4,HCV RNA PCR QT RSLT
11013-0,dsDNA Ab Titer
11034-6,ACHR BINDING AB
11043-7,CRYOFIBRINOGEN
11054-4,LDL/HDL Ratio
11054-4,LDL/HDL Ratio
11054-4,LDL/HDL Ratio
11054-4,LDL/HDL Ratio
11135-1,SUPERNATE CSF
11141-9,Phos/Creatinine Ratio
11155-9,Cortisol/Creatinine Ur
11158-3,Lipid ELP Appearance
11210-2,CA-125 FL Result
11244-1,"MORPHINE,FREE"
11246-6,OXYCODONE BY GC/MS
11266-4,STREP GRP B ANTIGEN
11268-0,STREP A RAPID
11341-5,Patient occupation
11449-6,Zika Virus Patient Pregnant
11449-6,Zika Virus Patient Pregnant
11449-6,Zika Virus Patient Pregnant
11475-1,Culture
11483-5,VZV PCR QUAL
11483-5,VZV PCR
11545-1,MICROSCOPIC OBSERVATION
11558-4,PH
11579-0,TSH
11579-0,TSH
11779-6,EDD by LMP
11781-2,EDD by Ultrasound
11781-2,EDD BY US SCAN
11884-4,GA on Phys Exam Date
11884-4,GA by Physical Exam Coll Day
11885-1,Gest Age By Dates
11885-1,GA by Dates Collection Day
11888-5,Gest Age US
11888-5,U/S GA on Collection Date
11888-5,GA AT COLL BY SCAN
12174-9,"ALBUMIN,BF ELP"
12178-0,WET MOUNT
12183-0,Chol Fluid
12183-0,Chol Fluid
12183-0,Chol Fluid
12190-5,"CREAT, FL"
12195-4,CRE CLEAR W/BSA COR
12228-3,Triglycerides Fluid
12228-3,Triglycerides Fluid
12228-3,Triglycerides Fluid
12235-8,MICROSCOPIC EXAMINATION
12242-4,"PHOSPHORUS, FLUID"
12254-9,VOLUME FL
12254-9,"VOLUME, PH"
12286-1,"DRUG SCREEN, URINE"
12332-3,ANTIHISTAMINES UR
12347-1,Metolazone
12375-2,CLOZAPINE/NORCLOZAPINE
12397-6,COLCHICINE RESULT
12399-2,EMETINE
12476-8,"BILIRUBIN,AF"
12515-3,"CEA, FL"
12553-4,STIMULANTS UR
12554-2,"TOXICOLOGY, URINE"
12781-1,LYME INTERP
12782-9,OLIGOCLONAL BANDS CSF
12782-9,OLIGO BANDS INTERPRETATION
12784-5,"CODEINE,FREE"
12786-0,"HYDROCODONE,FREE"
12787-8,"HYDROMORPHONE,FREE"
12789-4,"OXYCODONE,FREE"
12841-3,FREE PSA (% OF TOTAL)
12914-8,Hexosaminidase Percent A
12920-5,SULFATE CONC
12983-3,VOLATILES SCRN UR
13067-4,ANA Pattern
13068-2,ANA Pattern
13069-0,ANTIPHOSPHATIDYLSERINE IGA
13248-0,"HEPATITIS D TOTAL AB,S"
13362-9,UR CLT TM
13362-9,Phosphorus Urine 24 Hr Coll Period
13362-9,METANEPHRINES CLT TM
13362-9,CATECHOLAM FRACT CLT TM
13362-9,SUPERSATURATION UR CLT TM
13362-9,VMA CLT TM
13362-9,PORPH. CLT TM
13362-9,HEAVY METALS CLT TM
13362-9,AMINO ACID CLT TM
13362-9,CITRATE CLT TM
13362-9,OXALATE CLT TM
13362-9,ALUMINUM CLT TM
13362-9,UR CLT TM
13362-9,MAGNESIUM CLT TM
13362-9,CORTISOL UR CLT TM
13362-9,COLLECTION PERIOD
13362-9,COLLECTION PERIOD
13362-9,"ALDOSTERONE,COLL PER"
13362-9,"COLL. PERIOD,COPPER"
13362-9,"COLL. PERIOD, HVA"
13362-9,COLLECTION PERIOD
13362-9,COLLECTION PERIOD
13362-9,COLLECTION PERIOD
13362-9,COLLECTION PERIOD
13362-9,COLLECTION PERIOD
13362-9,COLLECTION PERIOD
13362-9,COLLECTION PERIOD
13362-9,COLLECTION PERIOD
13362-9,COLLECTION PERIOD
13362-9,COLLECTION PERIOD
13362-9,Arsenic 24 Hr U Collection Period
13362-9,"COLL. PERIOD,ZINC"
13362-9,COLLECTION PERIOD
13362-9,COLLECTION PERIOD
13362-9,COLLECTION PERIOD
13362-9,"COLLECTION PERIOD,HG"
13362-9,COLLECTION PERIOD
13362-9,Chromium Collection Duration 24Hr Ur
13362-9,DURATION
13362-9,"CADMIUM, U DURATION"
13363-7,MAGNESIUM STL CLT TM
13363-7,FECAL FAT CLT TM
13363-7,Potassium 24 Hr F Collection Duration
13363-7,SODIUM FECES DURATION
13363-7,Porphyrins F Collection Duration
13363-7,Duration
13457-7,LDL Chol Calc
13457-7,LDL Chol Calc
13457-7,LDL Chol Calc
13457-7,LDL Chol Calc
13457-7,LDL Chol Calc
13457-7,LDL Chol Calc
13457-7,LDL Chol Calc
13457-7,LDL Chol Calc
13457-7,LDL Chol Calc OSH
13457-7,LDL Chol Calc OSH
13457-7,LDL Chol Calc OSH
13458-5,VLDL Cholesterol Calc
13458-5,VLDL Cholesterol Calc
13458-5,VLDL Cholesterol Calc
13459-3,LDL Chol Sum Total
13502-0,LYME IGG BANDS
13503-8,LYME IGM BANDS
13576-4,OXYCODONE
13590-5,APC RESISTANCE RATIO
13629-1,INTERLEUKN 1 BETA
13655-6,WBC STL
13756-2,"HISTAMINE, 24HR U"
13760-4,"HVA,CHILD (<15 YRS)"
13874-3,Alk Phos Liver 1
13875-0,Alk Phos Liver 2
13945-1,RBC UA
13949-3,CMV IgG
13950-1,HAV AB IgM
13952-7,HBc Ab Total
13954-3,HEP B E AG
13955-0,HCV Ab
13956-8,M. tuberculosis PCR Result
13966-7,"CYSTINE, QUANT."
13967-5,SEX HORMONE BIND GLOB
13969-1,CK MB
13971-7,Histoplasma Ag Ur EIA
13978-2,ALPHA-1 (%)
13980-8,ALBUMIN (%)
13981-6,ALPHA-2 (%)
13983-2,GAMMA GLOBULIN (%)
13997-2,ANNA-1 AB (HU)
14003-8,PCO2 Cord Bld
14003-8,pCO2 Cord Bld
14044-2,CORTISONE UR
14055-8,Sodium Stool
14116-8,IGG SYNTH RATE
14117-6,IGG INDEX
14121-8,"PYRUVIC ACID,BLD"
14135-8,CD8 Suppressor Cells Absolute
14151-5,HCO3 Cord Bld
14151-5,HCO3 Cord Bld
14151-5,HCO3 Cord Bld
14157-2,"COPROPORPHYRIN,P"
14158-0,CORTISOL UR
14165-5,LACTATE FL
14196-0,RETIC CT ABS
14208-3,FILARIA IGG4 AB
14210-9,Giardia Stain Stool DFA
14227-3,SALMONELLA H GROUP D
14248-9,PCA-1 CSF
14249-7,Genetic Result
14274-5,"UROPORPHYRIN,PLASMA"
14282-8,ACYLCARNITINE (AC)
14286-9,"CARNITINES,FREE (FC)"
14288-5,"CARNITINES,TOTAL"
14310-7,PHENCYCLIDINE UR
14314-9,"COCAINE-METAB,UR"
14316-4,BENZODIAZEPINE SCRN UR
14575-5,ANTIBODY ID
14613-4,ANA Titer BF
14627-4,HCO3 Ven
14627-4,HCO3 Ven
14650-6,Citrate Excretion 24H UR
14658-9,COLD AGG TITER
14680-3,CKISO
14689-4,ALA
14689-4,Aminolevulinic Acid Day
14725-6,"CELL COUNT, FL,  SPECIMEN TYPE"
14725-6,TYPE FL
14725-6,TYPE FL
14725-6,Lipid Analysis Specimen Type
14725-6,"FLUID TYPE, BF ELP"
14725-6,Phosphorus Fluid Type
14725-6,"Lipase, Spec Type"
14725-6,FLUID SOURCE
14725-6,FLUID SOURCE
14775-1,HGB Total
14803-1,LD FL
14804-9,LD
14862-7,"OXALATE, UR"
14862-7,"OXALATE, UR"
14864-3,PO2 Cord Bld
14864-3,pO2 Cord Bld
14873-4,Ph
14873-4,pH Cord Bld
14875-9,"PHENYLALANINE,PLASMA"
14882-5,PORPHOBILINOGEN
14924-5,TRXN REACTION REPORT
14924-5,TRANSFUSION REACTION INTERP
14956-7,"MICROALB, 24H UR"
14957-5,MICROALBUMIN
14959-1,Microalb/Creat Ratio
14979-9,PTT + CACL2
15013-6,Alk Phos Bone Percent
15014-4,Alk Phos Intestinal Percent
15041-7,TETRACARBOXYL PORPHORINS 24H UR
15048-2,CK-BB
15049-0,CK-MM
15096-1,UROPORPHYRINS (OCTACARBOXYL)
15155-5,CALCIUM FL
15158-9,Chloride Stool
15174-6,CRYOGLOBULIN QUAL
15200-9,"OSMOLALITY, BODY FLUID"
15202-5,Potassium Stool
15207-4,Sodium Stool
15212-4,LIPASE FL
15343-7,TITER A
15343-7,TITER B
15348-6,Alk Phos Liver 1 Percent
15349-4,Alk Phos Liver 2 Percent
15357-7,IRON LIVER TISSUE
15363-5,Busulfan IV Immed Result
15363-5,Busulfan IV 1 Hr
15363-5,Busulfan IV 2 Hr
15363-5,Busulfan IV 4 Hr
15410-4,"Varicella-Zoster Ab, IgG, S"
15549-9,A fumigatus IgE class
15550-7,A niger IgE class
15642-2,C herbarum/Hormodendrum IgE class
15924-4,P chrysogenum/notatum IgE class
15964-0,A pullulans IgE class
16130-7,"HSV 1, PCR"
16131-5,"HSV 2, PCR"
16135-6,ANTIBETA-2 GP1 IGG
16136-4,ANTIBETA-2 GP1 IGM
16142-2,FAT QUANT STL
16142-2,Total Fat/24 Hr
16201-6,OXAZEPAM-BY GC/MS
16228-9,NORDIAZEPAM-BY GC/MS
16249-5,Oxycodone Conf Ur
16250-3,Codeine Conf Ur
16251-1,Morphine Conf Ur
16252-9,Hydrocodone Conf Ur
16275-0,Bartonella PCR Blood Result
16291-7,Report Culture HSV
16348-5,ALPHA OH-ALPRAZOLAM-BY GC/MS
16362-6,AMMONIA
16388-1,ANTICONVULSANTS UR
16395-6,PSYCHOTICS UR
16459-0,BICARBONATE FL
16475-6,"LYME DIS. SCREEN,CSF"
16475-6,"LYME DISEASE AB SCREEN ,CSF"
1656-8,Deoxycorticosterone Serum
1657-6,DEOXYCORTICOSTEROIDS
16633-0,"COCAINE & METAB.,SN"
1674-1,18 Hydroxycorticosterone Serum
1695-6,"5-HIAA,URINE"
16998-7,Hydromorphone Conf Ur
1701-2,ACETALDEHYDE
17088-6,LORAZEPAM-BY GC/MS
17314-6,MAG IGM
17357-5,P-ANCA
17395-5,OXYMORPHONE-by LC-MS/MS
17395-5,Oxymorphone Conf Ur
1742-6,ALT
1742-6,ALT
1742-6,ALT SGPT
1742-6,ALT
1742-6,ALT SGPT
1746-7,ALBUMIN CSF
1747-5,ALBUMIN FL
17501-8,"PROTOPORPHYRIN,P"
1751-7,ALBUMIN
1751-7,ALBUMIN
1751-7,ALBUMIN ELP
1751-7,"ALBUMIN, MULTIPLE SCLER EVAL"
1751-7,ALBUMIN
1751-7,Albumin
17527-3,VITAMIN A
17527-3,VITAMIN A PROFILE
17559-6,SALICYLATE LVL
1759-0,Alb/Globulin Ratio
1759-0,Alb/Globulin Ratio
17607-3,VOLUME CSF
1763-2,Aldosterone Left Adrenal Vein
1763-2,Aldosterone Right Adrenal View
1765-7,"ALDOSTERONE, URINE"
1765-7,"ALDOSTERONE, URINE"
1777-2,Alk Phos Bone
1778-0,Alk Phos Intestine
17780-8,H. pylori AG Stl Result
17782-4,LDL Chol Peak Size
17782-4,LDL Chol Peak Size
17782-4,LDL Chol Peak Size
17812-9,"ALPHA 1 GLOB.,BF ELP"
17814-5,"ALPHA 2 GLOB.,BF ELP"
17816-0,"BETA GLOBULIN,BF ELP"
17818-6,"GAMMA GLOB.,BF ELP"
17842-6,Cancer AG 27-29
17845-9,Alpha Lipoproteins
17846-7,Beta Lipoproteins
17847-5,Pre-Beta Lipoproteins
17849-1,RETIC COUNT
17861-6,CALCIUM
17861-6,CALCIUM
17861-6,CALCIUM
17862-4,"CALCIUM,URINE"
1795-4,AMYLASE FL
1798-8,"AMYLASE,TOTAL"
1799-6,"AMYLASE,URINE"
1800-2,"AMYLASE,U,24 HR"
1805-1,PANCREATIC ISOAMYLASE
1809-3,SALIVARY ISOAMYLASE
18185-9,Gest Age Wks
18185-9,"Gestational Age,AChE"
18197-4,Blastomyces Ab CSF
1823-4,VITAMIN E-ALPHA
1823-4,VITAMIN E LEVEL
18262-6,LDL Chol Direct
18262-6,LDL Chol Direct
18262-6,LDL Chol Calc
18262-6,LDL Chol Direct
18262-6,LDL Chol Direct
18262-6,LDL Chol Direct
18262-6,LDL Chol Direct
18262-6,"LDL, Direct"
18262-6,LDL Chol Direct OSH
18267-5,CD16(+)CD56 (NK Cells) Percent
18282-4,CANNABINOID SCRN UR
18312-9,SATELLITE PLATELETS
18323-6,ANTI-SMITH
1835-8,"Alpha 2-Macroglobulins, Qn"
1848-1,DIHYDROTESTOSTERONE
1854-9,ANDROSTENEDIONE
1869-7,Apolipoprotein A-1
1869-7,Apolipoprotein A-1
1869-7,Apolipoprotein A-1
1869-7,Apolipoprotein A-1
1869-7,Apolipoprotein A-1
1869-7,Apolipoprotein A-1
1869-7,Apolipoprotein A-1
1869-7,Apolipoprotein A-1
18817-7,Busulfan IV Initial Dose
1884-6,Apolipoprotein B
1884-6,Apolipoprotein B
1884-6,Apolipoprotein B
1884-6,Apolipoprotein B
1884-6,Apolipoprotein B
1884-6,Apolipoprotein B
1884-6,Apolipoprotein B
18917-5,DOXYCYCLINE
18935-7,KANAMYCIN
18959-7,OFLOXACIN
18986-0,SULFISOXAZOLE
19049-6,"METANEPH, 24H UR"
19054-6,Mycoplasma Culture
19066-0,BLOOD BANK COMMENT
19075-1,Nucl Cell CSF
19113-0,IGE
19114-8,LAMELLAR BODY COUNTS
19139-5,Pathologist name
19146-0,POLYMERASE MUTATIONS:
19153-6,TOTAL VOLUME
19157-7,"TUBE NUM, CSF"
19159-3,COLLECTION METHOD
19161-9,"UROBILINOGEN, UA"
1920-8,AST
1920-8,AST
1920-8,AST
19211-2,pO2 Mixed Ven
19213-8,pH Mixed Ven
1922-4,Base Deficit Art
1922-4,Base Deficit Art
19224-5,O2 Sat Mixed Ven
19225-2,DeoxyHb
19227-8,Deoxyhemoglobin
1923-2,Base Deficit
1923-2,Base Deficit Capillary
1924-0,Base Deficit Ven
1924-0,Base Deficit Ven
1925-7,Base Excess Art
1925-7,Base Excess Art
19261-7,AMPHETAMINES UR
1926-5,Base Excess Capillary
1926-5,Base Excess Capillary
19270-8,BARBITURATE SCRN UR
1927-3,Base Excess Ven
1927-3,Base Excess Ven
19295-5,OPIATES UR
1956-2,HEXOSAMINI A TOTAL
1960-4,HCO3 Art
1960-4,HCO3 Art
1960-4,HCO3 Art
1961-2,HCO3 Capillary
1961-2,HCO3 Capillary
1964-6,"BICARBONATE,URINE"
1968-7,"BILIRUBIN, DIRECT"
1968-7,"BILIRUBIN, DIRECT"
1968-7,Direct Bilirubin
1971-1,Indirect Bilirubin
1971-1,Indirect Bilirubin
1974-5,"BILIRUBIN,FL"
1974-5,"BILIRUBIN,BODY FLUID"
1975-2,"BILIRUBIN, TOTAL"
1975-2,"BILIRUBIN, TOTAL"
1975-2,"Bilirubin, Total"
1975-2,Total Bilirubin
1975-2,"Bilirubin, Total"
19769-9,Pathologist
1982-8,BIOTINIDASE
1986-9,C-PEPTIDE
1994-3,Calcium Ionized
1994-3,Calcium Ionized
2019-8,PCO2 Art
2019-8,PCO2 art
2019-8,pCO2 Art
2020-6,PCO2 Capillary
2020-6,pCO2 Capillary
2021-4,PCO2 Ven
2021-4,pCO2 Ven
2028-9,CO2
2028-9,CO2
2028-9,CARBON DIOXIDE
2030-5,CarboxyHb
2032-1,Carboxyhemoglobin
20402-4,CD16(+)CD56 (NK Cells) Absolute
20448-7,Insulin Total
20454-5,Protein Total Ur
20489-1,STREP PNEUMO ANTIGEN
20506-2,Sample Site
20506-2,Site Cord Bld
20506-2,Site Art
20506-2,Blood Gas Sample Site
20506-2,SAMPLE SITE ISTAT
20506-2,O2 Sat Site POC
20506-2,Site Art
20506-2,Site Ven
20506-2,Site Cord Bld
20506-2,Site Capillary
20506-2,Site Mixed Ven
20506-2,Site Arterial
20507-0,Syphilis RPR
20507-0,Syphilis RPR
20507-0,Syphilis RPR Titer
20507-0,Syphilis RPR
20507-0,Syphilis RPR Titer
20510-4,Lipoprotein ELP
20510-4,Lipid ELP Interp
20532-8,OH-ETHYL-FLURAZEPAM-BY GC/MS
20559-1,TEMAZEPAM-BY GC/MS
20565-8,CO2
20565-8,CO2
20572-4,HGB A
20572-4,Hemoglobin A
20573-2,HISTOPLASMA AB MYCELIAL
20574-0,HISTOPLASMA AB YEAST
20575-7,Hepatitis A Total AB
20625-0,"CONCENTRATION,LEAD"
20625-0,Lead Conc
20633-4,1-Methylhistidine PLASMA
20634-2,"A-AMINO-N-BUTYRATE,P"
20635-9, 3-Methylhistidine PLASMA
20636-7,"ALANINE,PLASMA"
20637-5,"ARGININE,PLASMA"
20638-3,"ASPARAGINE,PLASMA"
20639-1, Aspartic Acid P
20640-9,"CITRULLINE,PLASMA"
20642-5,"GLUTAMIC ACID,PLASMA"
20643-3,"GLUTAMINE,PLASMA"
20644-1,"GLYCINE,PLASMA"
20645-8,"HISTIDINE,PLASMA"
20647-4,Hydroxyproline P
20648-2,"ISOLEUCINE,PLASMA"
20649-0,"LEUCINE,PLASMA"
20650-8,"LYSINE,PLASMA"
20651-6,"METHIONINE,PLASMA"
20652-4,"ORNITHINE,PLASMA"
20654-0,Phosphoserine P
20655-7,"PROLINE,PLASMA"
20656-5,"SERINE,PLASMA"
20657-3,"TAURINE,PLASMA"
20658-1,"THREONINE,PLASMA"
20659-9,Tryptophan PLASMA
20660-7,"TYROSINE,PLASMA"
20661-5,"VALINE,PLASMA"
2069-3,CHLORIDE
2069-3,Cloride
2072-7,CHLORIDE BF
2075-0,CHLORIDE
2075-0,CHLORIDE
2075-0,CHLORIDE
2078-4,"CHLORIDE,URINE"
20785-2,"DRUG SCREEN, SERUM"
2079-2,"CHLORIDE, 24H UR"
2079-2,"CHLORIDE,U,24 HR"
2085-9,HDL Chol
2085-9,HDL Chol
2085-9,HDL Chol
2085-9,HDL Chol
2085-9,HDL Chol
2085-9,HDL Chol
2085-9,HDL Chol
2085-9,HDL Chol
2085-9,HDL Chol
2085-9,HDL Chol
2085-9,HDL Chol
2085-9,HDL Chol OSH
2085-9,HDL Chol OSH
2085-9,HDL Chol OSH
2087-5,IDL Chol
2087-5,IDL Chol
2089-1,LDL Chol Calc
2089-1,LDL Chol Calc
2091-7,VLDL Cholesterol
2091-7,VLDL Beta Chol
2091-7,VLDL Chol Direct
2093-3,Cholesterol
2093-3,Cholesterol
2093-3,Cholesterol
2093-3,Cholesterol
2093-3,Cholesterol
2093-3,Cholesterol
2093-3,Cholesterol
2093-3,Cholesterol
2093-3,Cholesterol
2093-3,Cholesterol
2093-3,Cholesterol
2093-3,Cholesterol
2093-3,Cholesterol
2093-3,Cholesterol OSH
2093-3,Cholesterol OSH
21001-3,FACTOR VIII INHIBITOR SCREEN INTERPRETATION
21003-9,FUNGAL SMEAR
21027-8,PLT WB AGG INTERP
21027-8,Interpretation
21027-8,Interpretation
21055-9,Adenovirus Non-Blood PCR
2106-3,HCG Qual Ur
2106-3,HCG Qual Ur
21074-0,"CONC,URINE ARSENIC"
21074-0,Arsenic Conc
21108-6,ANTIBETA-2 GP1 IGA
21112-8,Mothers' DOB
21130-0,CADMIUM CONCENTRATION
2116-2,HCG Total Maternal Screen
21173-0,CEPHAELINE
2118-8,HCG Qual
21201-9,CHROMIUM CONCECTRATION
21203-5,Citrate Conc
21209-2,"COCCIDIOIDES ABY,CSF"
2121-2,Chylomicrons
21216-7,"NTX TELOPEPTIDE, 24H UR"
21219-1,"CONCENTRATION,COPPER"
21299-3,GA Used in Risk Estimate
21299-3,GA USED
21300-9,GIARDIA LAMBLIA IgA
21301-7,GIARDIA LAMBLIA IgM
21305-8,"URINE GLUCOSE, CONC"
21330-6,"HISTOPLASMA AB,CSF"
21330-6,HISTOPLASMA IMMUNODIFFUSION
21383-5,MERCURY CONC.
2142-8,Cortisol Saliva
21436-1,Ovarian AB Screen & Reflex Tit
21458-5,Phosphorus Concentration
21509-5,"SLE Ab,IgG,CSF"
21510-3,"SLE Ab, IgM, CSF"
2157-6,"CK, TOTAL"
2157-6,TOTAL CK ACTIVITY
2160-0,CREATININE
2160-0,CREATININE
2160-0,CREATININE
21610-1,"CONCENTRATION,ZINC"
2161-8,"CREATININE, UR"
2161-8,CREATININE URINE RANDOM
2161-8,"NTX TELOPEPTIDE CREAT, UR"
2161-8,"CREATININE, URINE"
2161-8,Creatinine Concentration
2161-8,Creatinine Conc
2161-8,"Creatinine, Urine"
2161-8,Creatinine Ur
2162-6,"CREATININE,U,24 HR"
2162-6,Creatinine 24hr U
2162-6,"Creatinine, Urine Day"
2164-2,CREAT CLEAR
2164-2,CREAT CLEAR
21667-1,Factor V Leiden Result
21687-9,A-GLOB GENE SEQUENCE
21689-5,B-GLOB GENE DEL/DUP
2193-1,DHEA
22126-7,"LYME  IGG, WB"
2216-0,DOPAMINE
2218-6,"DOPAMINE, UR"
22209-1,"COCCIDIOIDES IGG,ID"
22210-9,"COCCIDIOIDES IGM,ID"
22296-8,"EBNA Ab, S"
2230-1,EPINEPHRINE
22322-2,HBs Ab
2232-7,"EPINEPHRINE, UR"
2243-4,ESTRADIOL
22446-9,POLIOVIRUS TYPE 1 AB
22450-1,POLIOVIRUS TYPE 2 AB
2258-2,ESTRONE
22587-0,Syphilis TP-PA
22637-3,Pap Smear Dx
22641-5,Glutamine
22643-1,Threonine
22644-9,Serine
22645-6,Proline
22646-4,Phenylalanine
22647-2,Ornithine
22648-0,Methonine
22649-8,Valine
22650-6,Glycine
22651-4,Lysine
22652-2,Glutamic Acid
22653-0,Cystine
22654-8,Citrulline
22655-5,Aspartic Acid
22656-3,Arginine
22657-1,Alanine
22659-7,Isoleucine
22670-4,Allo-isoleucine
22671-2,PHYTANIC ACID
22672-0,"CYSTINE,PLASMA"
22761-1,PRISTANIC ACID
2284-8,RBC FOLATE
2284-8,RBC FOLATE
2292-1,FORMIC ACID
23201-7,LEPTOSPIRA IgM
2324-2,GGT
2334-1,OCCULT BLOOD RESULT
2335-8,FECAL OCCULT BLD
2335-8,Occult Blood Qualitative
2339-0,Glucose
2339-0,Glucose
2339-0,Glucose
2344-0,GLUCOSE FL
2345-7,GLUCOSE
2345-7,GLUCOSE
2345-7,GLUCOSE
2345-7,Glucose
2349-9,Glucose Ur
2351-5,"GLUCOSE,URINE,24 HR"
23820-4,A flavus Gel Diffusion
23821-2,A fumigatus Mix Gel Diffusion
23825-3,Hexosaminidase A Percent A
23828-7,FHA IgG
23831-1,PT IgG
23845-1,COPROPORPHYRIN I
23846-9,COPROPORPHYRIN III
23858-4,EBSTEIN BARR VIRUS PCR
23874-1,HEXACARBOXYL I
23875-8,HEXACARBOXYL III
23877-4,A. phagocytophil IgG
23883-2,INHIBIN A
23885-7,ISOHEPTACARBOXYL
23886-5,ISOHEXACARBOXYL
23887-3,ISOPENTACARBOXYL
23892-3,Magnesium Stool
23905-3,MYCOPHENOLIC ACID
23906-1,MYCOPHENOLIC ACID GLUCURONIDE
23915-2,"OS FRG,O.50g/dL NaCl"
23917-8,"OS FRG,0.60g/dL NaCl"
23919-4,"OS FRG,0.65g/dL NaCl"
23979-8,LYME IGG BANDS
23985-5,LYME IGM BANDS
24004-4,CHLAMYDIA PNEUMO IGM
24049-9,Alpha Galactosidase Leukocytes
24075-4,"HEXOSAMINIDASE A, WBC"
24082-0,GAL-1-P URIDYLTRANS.
24110-9,Syphilis TP Ab
24110-9,Syphilis TP Ab
24113-3,HBc IgM
24114-1,EBV Viral Capsid Ag IgG
24115-8,EBV Viral Capsid Ag IgM
24119-0,"CMV Ab, IgM, S"
2436-4,"HVA,ADULT"
24387-3,BRUCELLA AB IGG
24387-3,"BRUCELLA ABY, IGG"
24388-1,BRUCELLA AB IGM
24388-1,"BRUCELLA ABY, IGM"
24400-4,ANNA-1 CSF
24401-2,ANNA-2 CSF
24447-5,"MAGNESIUM, 24H UR"
24467-3,CD4 Helper Cells Absolute
24469-9,Hemoglobin Variant 1
24469-9,Hemoglobin Variant 2
24469-9,Hemoglobin Variant 3
24471-5,PFA/EPI
24472-3,PFA/ADP
24475-6,PROTHROMBIN G20210A MUT
2457-0,IGA CSF
2458-8,IgA IMMUNOGLOBULIN
2458-8,Immunoglobulin A
2464-6,IGG CSF
2464-6,IGG CSF
2465-3,IGG
2465-3,IGG SER MULTIPLE SCLER EVAL
2465-3,IgG IMMUNOGLOBULIN
2465-3,Immunoglobulin G
2466-1,IGG 1
2467-9,IGG 2
2468-7,IGG 3
2469-5,IGG 4
2470-3,IGG/ALB CSF
2471-1,LYME  IGM CSF
2472-9,IgM IMMUNOGLOBULIN
2472-9,Immunoglobulin M
2478-6,Inhibin A Maternal Screen
2484-4,IGF-1 LC/MS
2498-4,IRON
2500-7,TIBC
2501-5,UNSAT IBC
2502-3,% SATURATION
25116-5,METHYLMALONIC ACID
2514-8,Ketones Ur
25164-5,CD21(+)
25166-0,UROPORPHYRIN
25167-8,COPROPORPHYRIN
25296-5,STP SEROTYPE 7F
25322-9,ARGININE (CYSTS.PROF)
2536-1,LD1
25375-7,"CHYMOTRYPSIN,STOOL"
2539-5,LD2
25416-9,HSV 6 AB IGG
25417-7,HSV 6 AB IGM
25418-5,MUMPS AB IGG INDEX VALUE
2542-9,LD3
25434-2,"HEPTACARBOXYL PORPHYRIN, 24H UR"
25438-3,HEXACARBOXYL PORPHYRIN 24H UR
2545-2,LD4
25464-9,LYSINE (CYSTS PROF)
2548-6,LD5
25491-2,ORNITHINE (CYST PROF)
25494-6,PENTACARBOXYLPORPHYRINS
25506-7,Potassium Stool
25700-6,Immunofixation
2571-8,Triglycerides
2571-8,Triglycerides
2571-8,Triglycerides
2571-8,Triglycerides
2571-8,Triglycerides
2571-8,Triglycerides
2571-8,Triglycerides
2571-8,Triglycerides
2571-8,Triglycerides
2571-8,Triglycerides
2571-8,Triglycerides
2571-8,Triglycerides
2571-8,Triglycerides OSH
2571-8,Triglycerides OSH
25843-4,ALANINE
25846-7,A-AMINOADIPIC ACID
25848-3,A-AMINO-N-BUTYRATE
25853-3,1-METHYLHISTIDINE
25856-6,3-METHYLHISTIDINE
25858-2,SERINE
25860-8,ARGININE
25862-4,ASPARAGINE
25868-1,B-ALANINE
25870-7,B-AMINOISOBUTYRATE
25874-9,CARNOSINE
25877-2,CITRULLINE
25887-1,CYSTATHIONINE
25917-6,GLUTAMIC ACID
25919-2,GLUTAMINE
25921-8,GLYCINE
25926-7,HISTIDINE
25938-2,ISOLEUCINE
25941-6,LEUCINE
25952-3,LYSINE
25956-4,METHIONINE
25965-5,ORNITHINE
25969-7,PHENYLALANINE
25988-7,THREONINE
25995-2,TYROSINE
26001-8,VALINE
2609-6,"METANEPH, TOTAL, 24H UR"
2614-6,Methemoglobin
2615-3,MetHb
2617-9,Methemoglobin
2639-3,"MYOGLOBIN,SERUM"
2639-3,"MYOGLOBIN,SERUM"
2641-9,"MYOGLOBIN, UR"
2641-9,"MYOGLOBIN,URINE"
26455-6,RBC FL
26584-3,1-Methylhistidine
26586-8,A-Amino-Buryric Acid
26589-2,Beta-alanine
26590-0,Beta-aminoisobutyric Acid
26597-5,Phosphoethanolamine
26598-3,Sarcosine
26599-1,ANSERINE PLASMA
26600-7,Alpha-aminoadipic Acid PLASMA
26603-1,Asparagine
26604-9,"B-ALANINE,PLASMA"
26605-6,Beta-aminoisobutyric Acid PLAS
26606-4,CARNOSINE PLASMA
26607-2, Cystathionine PLASMA
26608-0, Ethanolamine 
2660-9,"NITROGEN,TOTAL URINE"
26609-8,Gamma-amino-n-butyric Acid 
26610-6, Hydroxylysine PLASMA
26612-2,Phosphoethanolamine 
26613-0,"Sarcosine, P"
26614-8,Taurine
26620-5,"HANTAVIRUS AB, IGG"
26623-9,"Chikungunya IgG,Ab,S"
26650-2,"HANTAVIRUS AB, IGM"
2666-6,NOREPINEPHRINE
2668-2,NOREPINEPHRINE UR
26691-6,UROPORPHYRIN I
26707-0,"ALUMINUM,UR"
26708-8,MAGNESIUM CONC
2671-6,"NORMETANEPHRINE,24HR"
26815-1,Cocaethylene
26829-2,"PHENCYCLIDINE,MECON."
26860-7,"OPIATES CONF,MEC."
26862-3,Hydromorphone
26863-1,Hydrocodone
26865-6,Codeine
26869-8,Oxycodone
26881-3,INTERLEUKIN 6
26889-6,SULFATE CONC
26893-8,"MARIJUANA,MECONIUM"
26895-3,"AMPHETAMINES,MECONIUM"
2692-2,"OSMOLALITY, MEAS"
26924-1,CA19-9 FL Result
2693-0,Osmolality Stool
26948-0,MICROPOLYSPORA FAENI
26954-8,"Aspergillus Fumigatus, IgG"
26954-8,ASPERGILLIS AB
2695-5,"OSMOLALITY, MEAS"
26956-3,"COCAINE,MECONIUM"
26956-3,"COCAINE CONF,MEC."
27007-4,ACETOHEXAMIDE
2701-1,"OXALATE, UR"
2701-1,"OXALATE, UR"
27026-4,Benzoylecgonine
2703-7,PO2 Art
2703-7,PO2 Art
2703-7,pO2 Art
2704-5,PO2 Capillary
2704-5,pO2 Capillary
2705-2,PO2 Ven
2705-2,pO2 Ven
27071-0,CD45 Lymph Count
27080-1,"MDEA Confirm,Meconium"
2708-6,O2 Sat Art
2708-6,O2 Sat Art
2708-6,O2 Sat Hb Sat POC
2708-6,O2 Sat Art
27092-6,STP SEROTYPE 1
2709-4,O2 Sat Capillary
2709-4,O2 Sat Capillary
27094-2,STP SEROTYPE 4
27096-7,STP SEROTYPE 3
2711-0,O2 Sat Ven
2711-0,O2 Sat Ven
27113-0,STP SEROTYPE 8
27118-9,STP SEROTYPE 6B
2714-4,OxyHb
2716-9,Oxyhemoglobin
27174-2,INHIBIN
27209-6,HISTOPLASMA YEAST
27220-3,HISTOPLASMA MYCELIAL
27222-9,OXALATE CONC
27244-3,"MDA Confirm,Meconium"
27259-1,Estriol Maternal Screen
27289-8,"METHAMPHETAMINES,MECONIUM"
27289-8,Methamphetamine
27365-6,KAPPA LIGHT CHAINS
27374-8,STP SEROTYPE 12
27387-0,STP SEROTYPE 14
27389-6,STP SEROTYPE 23
27390-4,STP SEROTYPE 19
27392-0,STP SEROTYPE 9
27394-6,LAMBDA LIGHT CHAINS
27395-3,STP SEROTYPE 18C
27419-1,Sodium Stool
2744-1,pH Art
2744-1,Ph
2744-1,pH Art
2745-8,Ph Capillary
2745-8,pH Capillary
2746-6,Ph Ven
2746-6,pH Ven
2748-2,PH FL
2749-0,PH GASTRIC
2749-0,GASTRIC pH
2777-1,PHOSPHORUS
2778-9,Phosphorus Urine 24 Hr Conc
2779-7,Phosphorus Urine Calculated
2779-7,Phosphorus Urine 24 Hr Calculated
27811-9,ANTITHROMBIN ACTIVITY
27816-8,VWF FACTOR ANTIGEN
27819-2,PROTEIN C ACTIVITY
27821-8,"PROTEIN S AG, FREE"
27822-6,PROTEIN S ACTIVITY
27823-4,"PROTEIN S AG, TOTAL"
27831-7,C1Q IMMUNE COMPLEX
27923-2,CoQ10 TOTAL
28009-9,"VOLUME, AMINO ACIDS"
28009-9,TOTAL VOLUME
28009-9,TOTAL VOLUME
2811-8,PORPHOBILINOGEN QNT
2811-8,"PORPHYRINS,TOTAL"
2812-6,"PBG DEAMINASE, RBC"
2813-4,ALA DEHYDRATASE
2814-2,TOTAL PORPHYRINS
2815-9,Porphyrins Total Plasma
2815-9,"PORPHYRIN FRACT,P"
2821-7,"POTASSIUM, FL"
2823-3,"POTASSIUM, BLD"
2823-3,"POTASSIUM, BLD"
2823-3,POTASSIUM
2828-2,"POTASSIUM,URINE"
2829-0,POTASSIUM 24H UR
2829-0,"POTASSIUM,U,24 HR"
2857-1,PSA
2857-1,PSA
28588-2,B-ALANINE UR
28590-8,A-AMINOBUTYRIC ACID UR
28593-2,Gamma-amino-n-butyric Acid
28594-0,3-METHYLHISTIDINE UR
28595-7,TAURINE UR
28596-5,ANSERINE
28597-3,"CARNOSINE, UR"
28598-1,A-AMINOADIPIC ACID UR
28599-9,"CYSTATHIONINE, UR"
28600-5,Phosphoserine
28601-3,Hydroxyproline
28602-1,B-AMINOISOBUTYRIC UR
28603-9,ASPARAGINE UR
28604-7,Phosphoethanolamine
28605-4,Ethanolamine
28606-2,1-METHYLHISTIDINE UR
28608-8,"TRYPTOPHAN, U"
28610-4,Sarcosine U
2865-4,ALPHA 1
2865-4,Alpha 1 Globulin
2868-8,ALPHA 2
2868-8,Alpha 2 Globulin
2871-2,Beta Globulin
2874-6,GAMMA GLOBULIN
2874-6,Gamma
2881-1,PROTEIN FL
2881-1,"TOTAL PROTEIN,BF ELP"
2885-2,Protein Total
2885-2,Protein Total
2885-2,Protein Total
2885-2,Tot Protein -ELP
2888-6,"PROTEIN, UR"
2888-6,"TOTAL PROTEIN,URINE"
2888-6,URINE PROTEIN
2888-6,PROTEIN
2889-4,"TOTAL PROTEIN,U,24HR"
2889-4,"PROTEIN, 24HR"
2890-2,"CREATININE, UR"
2890-2,"TP/CREAT RATIO,URINE"
2891-0,PROTOPORPHYRIN
2892-8,"PROTOPORPHYRIN, FREE"
2902-5,PYRIMIDINE 5' NUCLEO
2905-8,MAYO DNR TEST 7729
2915-7,"RENIN, CATH"
29365-4,Magnesium Stool
29463-7,Maternal Weight
29463-7,Maternal Weight (KG)
29463-7,WEIGHT
2947-0,SODIUM
2947-0,Sodium
29495-9,HHV-6 result
2950-4,"SODIUM, BF"
2951-2,SODIUM
2951-2,SODIUM
2951-2,SODIUM
2955-3,"SODIUM,URINE"
2956-1,"SODIUM, 24H UR"
2956-1,"SODIUM,U,24 HR"
29566-7,"WNV Ab, IgG, S"
29567-5,"WNV Ab, IgM, S"
29569-1,"WNV Ab, IgM, CSF"
29591-5,Enterovirus Molecular Detect PCR BF Result
2971-0,Substance P
2986-8,"TEST,TOTAL,POOLED"
2986-8,"TESTOSTERONE,TOTAL,S"
29891-9,H PYLORI BREATH TEST
2990-0,"TESTOSTERONE, BIOAVAILABLE"
29901-6,"HTLV I/II AB,SERUM"
29908-1,Parainfluenza Type 1
29909-9,Parainfluenza Type 2
29910-7,Parainfluenza Type 3
2991-8,TESTOSTERONE FREE
30003-8,MICROALB CONC
30038-4,TOXOPLAMA GONDII IGG
30047-5,HISTIDINE UR
30048-3,LYSINE UR
30049-1,ORNITHINE UR
30050-9," Hydroxylysine, U"
30052-5,"ISOLEUCINE, UR"
30053-3,LEUCINE UR
30054-1,TYROSINE UR
30055-8,PHENYLALANINE UR
30056-6,"GLUTAMINE, UR"
30057-4,THREONINE UR
30058-2,SERINE UR
30059-0,"GLUTAMIC ACID, UR"
30061-6,Aspartic Acid
30062-4,ARGININE UR
30063-2,METHIONINE UR
30064-0,VALINE UR
30065-7,"CYSTINE, UR"
30066-5,"GLYCINE, UR"
30067-3,PROLINE UR
30068-1,ALANINE UR
30074-9,FETAL HGB BLD STOOL APT
30078-0,MAGNESIUM STL TOTAL WEIGHT
30078-0,FECAL FAT TOTAL WEIGHT
30078-0,TOTAL WEIGHT
30078-0,"SODIUM, FECES WEIGHT"
30078-0,Total Weight
30106-9,AChE-AF
3013-0,Thyroglobulin Tumor Marker
30153-1,STP SEROTYPE 9V
30161-4,CITRULLINE UR
30190-3,"3-OH-TETRADECENOYLCARNITINE,C1"
30191-1,"ACETYLCARNITINE,C2"
30192-9,ACHR MODULATING AB
30193-7,AC/FC RATIO
30194-5,C22
30195-2,LIGNOCERIC ACID
30195-2,C24
30196-0,C24 C22 RATIO
30197-8,C26
30198-6,C26 C22 RATIO
30200-0,IgM ASIALO GM1
30201-8,Isoagglutinin Titer Anti-B
30207-5,COCCIDIOIDES IGG AB
30208-3,COCCIDIOIDES IGM AB
30209-1,"COCCIDIOIDES ABY,CF"
30211-7,ALA CLT TM
30233-1,"3-OH-DODECANOYLCARNITINE,C12-0"
30234-9,"3-OH-HEXADECANOYLCARNITINE,C16"
30235-6,"3-OH-HEXADECENOYLCARNITINE,C16"
30236-4,"3-OH-HEXANOYLCARNITINE,C6-OH"
30237-2,"3-OH-octadecadienoylcarn,C18:2"
30238-0,"3-OH-TETRADECANOYLCARNITINE,C1"
30239-8,AST (SGOT) P5P
30282-8,Zidovudine
30283-6,Lamivudine Resistance
30284-4,Didanosine Resistance
30286-9,Stavudine Resistance
30287-7,Abacavir
30289-3,Nevirapine Resistance
30291-9,Efavirenz Resistance
30294-3,Nelfinavir Resistance
30312-3,"3-OH-octadecenoylcarnitine,C18"
30313-1,O2 Sat Hb Total POC
30314-9,Isoagglutinin Titer Anti-A
30327-1,"DECANOYLCARNITINE,C10"
30328-9,"DECENOYLCARNITINE,C10:1"
30331-3,"DODECANOYLCARNITINE,C12"
30332-1,"DODECENOYLCARNITINE,C12:1"
30339-6,EBV Viral Capsid Ag IgG
30340-4,EBV Viral Capsid Ag IgM
30347-9,GLUTAMIC ACID DECARB-65 AB
30349-5,"GLUTARYLCARNITINE,C5-DC"
30356-0,"HEXADECANOYLCARNITINE,C16"
30357-8,"HEXADECENOYLCARNITINE,C16:1"
30358-6,"HEXANOYLCARNITINE,C6"
3045-2,VLDL Beta Trig
3046-0,LDL Trig
3047-8,VLDL Triglycerides
30480-8,Orotic Acid Urine
30511-0,CORTISONE/CREAT
30518-5,Cholic acid
30519-3,Chenodeoxycholic acid
30520-1,Deoxycholic acid
30525-0,Busulfan IV Age
3052-8,REVERSE T3
30531-8,ISOVAL-2-METHYLBUTYRYLCARN C5
30534-2,"Octadecadienoylcarnitine,C18:2"
3053-6,"T3, TOTAL"
30540-9,"OCTANOYLCARNITINE,C8"
30541-7,"OCTENOYLCARNITINE,C8:1"
30542-5,"Octadecenoylcarnitine,C18:1"
30543-3,"OS FRG,0.75g/dL NaCl"
30550-8,PRIST PHY RATIO
30551-6,"PROPIONYLCARNITINE,C3"
30552-4,VITAMIN B6
30560-7,"Octadecanoylcarnitine,C18"
30564-9,"TETRADECADIENOYLCARNITINE,C14:"
30565-6,"TETRADECANOYLCARNITINE,C14"
30566-4,"TETRADECENOYLCARNITINE,C14:1"
30571-4,"VMA,CHILD (<15 YR)"
3086-6,"URIC ACID,URINE"
3086-6,"URIC ACID,URINE"
3087-4,"URIC ACID, UR"
3087-4,"URIC ACID,U,24 HR"
3093-2,UREA NITROGEN FL
3094-0,BUN
3094-0,BUN
3094-0,UREA NITROGEN
3095-7,"UREA NITROGEN,URINE"
3096-5,"UREA NITROGEN,U,24HR"
3097-3,BUN/CREAT RATIO
3097-3,BUN/CREAT RATIO
3097-3,BUN/CREATININE RATIO
31023-5,MAG Ab IgM
31178-7,TOXOPLASMA GONDII IGM
31183-7,STP SEROTYPE 5
31208-2,Triglycerides Fluid Spec Type
31208-2,VENOUS OR CAPILLARY
31208-2,SPECIMEN SOURCE
31208-2,Cystic Fibrosis DX Specimen
31208-2,Viscosity FL Source
31208-2,Chol Fl Spec Type
31208-2,Misc Test Spec Source
31208-2,"HFE GENE MUTATION, SPECIMEN"
31208-2,SPECIMEN DESCRIPTION
31208-2,CMV PCR Ur Source
31208-2,C. pnuemaniae PCR Source
31208-2,Cystic Fibrosis 70 Mutation Panel Source
31208-2,H1N1 Source
31208-2,JC DNA SOURCE
31208-2,Kidney Stone Analysis Source
31208-2,FRAGILE X SPECIMEN
31208-2,M. tuberculosis PCR Spec Source
31208-2,T. WH FL SOURCE
31208-2,Chromosome Analysis Congenital Disorders Source
31208-2,T. WHIPPLEI SOURCE
31208-2,Apo E Geno Specimen
31208-2,Resp Panel source
31208-2,HFE Gene Mutation Source
31208-2,SPECIMEN
31208-2,ARSENIC SOURCE
31208-2,Shiga Toxin PCR Spec Source
31208-2,HSV PCR Non-Blood Source
31208-2,Bartonella PCR Tissue Source
31208-2,Bartonella PCR Blood Source
31208-2,Biotinidase Serum Source
31208-2,FAP Mut Scrn Source
31208-2,T. Gondii PCR Source
31208-2,Huntington Disease Source
31208-2,Parvo Source
31208-2,SOURCE
31208-2,Apo E Geno Source
31208-2,HERPES8 SPEC SOURCE
31208-2,VZVPCR SPEC SOURCE
31208-2,Specimen Source
31208-2,SPECIMENT TYPE
31208-2,FRAGILE X SOURCE
31208-2,Venous/Capilary
31208-2,C9orf72 Source
31208-2,GRN Source
31208-2,DRPLA Specimen
31208-2,DRPLA Source
31208-2,MAPT Source
31208-2,CULFB Source
31208-2,C9orf72 Follow Up Specimen
31208-2,C9orf72 Follow Up Source
31208-2,HHV6 specimen source
31208-2,CT Source
31208-2,NG Source
31208-2,Specimen Source
31208-2,SPECIMEN TYPE
31208-2,Source CMV MOL Detection PCR
3122-9,"VMA, 24H UR ADULT"
3127-8,VISCOSITY FL
3137-7,HEIGHT
3141-9,WEIGHT (POUNDS)
31444-3,INTRINSIC FACTOR BLOCKING AB
3150-0,FIO2 ISTAT
3150-0,FIO2 Art
3150-0,FIO2 Ven
3150-0,FIO2 Capillary
3150-0,FIO2 Arterial
3151-8,Liter per Min Art
3151-8,Liter Per Min Ven
3151-8,Liter per Min Capillary
31561-4,ANTIPHOSPHATIDYLSERINE IGA
31588-7,RIBONUCLEOPROTEIN AUTOANTIBODIES
3167-4,"VOLUME, TOTAL"
3167-4,Phosphorus Urine 24  Hr Volume
3167-4,"VOLUME, METANEPHRINE R/24"
3167-4,CATECHOLAMINES FREE UR VOLUME
3167-4,"VOLUME, MICROALBUMIN"
3167-4,"VOLUME, SUPERSATURATION U"
3167-4,"VOLUME, VMA"
3167-4,"VOLUME, PORPHYRINS"
3167-4,ALA UR VOLUME
3167-4,"VOLUME, HEAVY METALS SCRN"
3167-4,"VOLUME,CITRATE"
3167-4,"VOLUME, OXALATE"
3167-4,ALUMINUM UR VOLUME
3167-4,"VOLUME, SULFATE URINE"
3167-4,"VOLUME, MG URINE"
3167-4,"VOLUME, CORTISOL UR"
3167-4,TOTAL VOLUME
3167-4,"ALDOSTERONE,VOLUME"
3167-4,"VOLUME,URINE COPPER"
3167-4,"URINE VOLUME,HVA"
3167-4,TOTAL VOLUME
3167-4,Glucose Quant 24 Hr U Volume
3167-4,COLLECTION VOLUME
3167-4,COLLECTION VOLUME
3167-4,COLLECTION VOLUME
3167-4,TOTAL VOLUME
3167-4,TOTAL VOLUME
3167-4,COLLECTION VOLUME
3167-4,COLLECTION VOLUME
3167-4,Arsenic 24 Hr U Volume
3167-4,"TOTAL VOLUME,ZINC"
3167-4,URINE VOLUME
3167-4,Histamine 24 Hr U Total Volume
3167-4,COLLECTION VOLUME
3167-4,"URINE VOLUME,HG"
3167-4,COLLECTION VOLUME
3167-4,VOLUME
3167-4,"CADMIUM,UR VOLUME"
3167-4,TOTAL VOLUME
31674-5,"GQ1b Ab,IgG-IgM"
3173-2,PTT
3173-2,"PTT,PRE-MIX"
3185-6,FACTOR IX INHIBITOR ASSAY
31993-9,AFP Maternal Screen
32014-3,UA EOS
32017-6,HEMOGLOBIN OTHER
32044-0,"VOLATILE SCRN,BLOOD"
3204-5,FACTOR VIII INHIBITOR ASSAY
32136-4,ANTIDEPRESSANTS UR
32217-2,VON WILLEBRAND MULTIMERS
32227-1,Argininosuccinic Acid
32229-7,ARGININOSUCCINIC ACID
3224-3,FACTOR 11 INHIBITOR
32248-7,Homocitrulline URINE
32286-7,HCV Genotype
32286-7,HCV GENOTYPE SCREEN
32300-6,Base Excess Cord Bld
32300-6,Base Excess Cord Bld
32364-2,HHV8 PCR QUAL
32366-7,HBV GENOTYPE
32366-7,HBV Surface Antigen Mutations
32546-4,"G6PD, QT"
32552-2,PYRUVATE KINASE
32554-8,"Thiamin, B1, WHOLE BLOOD"
32555-5,"URIC ACID,U,TIMED"
32623-1,MPV
32624-9,Black Race
32624-9,Patient race
32630-6,RESULT
32655-3,"METANEPH, TOTAL, UR"
32693-4,Lactic Acid (iStat)
32700-7,MALARIA PREP
32730-4,BETA 1
32731-2,BETA 2
32732-0,BETA 1 (%)
32733-8,BETA 2 (%)
32769-2,A-1 ANTITRYPSIN PHENO
3298-7,ACETAMINOPHEN LVL
33007-6,ZN-COMPLXED PROTOPORPHYRINS
33047-2,"TRANQUILIZERS, UR"
33295-7,"JC VIRUS DNA, QN"
3330-8,AMIODARONE LVL
33317-9,SCHISTOSOMA IGG AB
3333-2,AMITRIPTYLINE
3335-7,TOTAL(AMI+NOR)
33403-7,HEXACOSANOIC ACID
33469-8,TETANUS AB IGG
33509-1,"HEMOGLOBIN,FL"
33571-1,JO-1 AB
33585-1,UROPORPHYRIN III
33610-7,SJOGRENS ANTIBODIES (SSA)
33613-1,SJOGRENS ANTIBODIES (SSB)
33618-0,COPRIII/COPROI RATIO
33623-0,PENTACARBOXYL I
33624-8,PENTACARBOXYL III
33625-5,ISOCOPROPORPHYRINS
33630-5,Protease Mutations
33708-9,BOTULISM TOX RESULT:
33719-6,FLOW CYTOMETRY STUDY
33764-2,"Shiga Toxin, Molecular Detecti"
33780-8,GPUT PHENOTYPE
33882-2,Maternal Scr Coll Date
33882-2,COLLECTION DATE
33882-2,Busulfan IV Immed Draw Date
33882-2,Busulfan IV 1 Hr Draw Date
33882-2,Busulfan IV 2 Hr Draw Date
33882-2,Busulfan IV 4 Hr Draw Date
3389-4,BENZODIAZEPINES BLD
33915-0,ANABASINE UR
33917-6,NORNICOTINE
33924-2,ANNA-3 AB
33925-9,PURKINJE TYPE 2 AB
33926-7,PURKINJE TYPE TR AB
33927-5,AMPHIPHYSIN AB
33939-0,INTERLEUKIN 2
33941-6,HHV6 result
33944-0,"LAMBDA FLC,SERUM"
33979-6,N-TYPE CA CHANNEL AB
33980-4,P/Q TYPE CALCIUM CHANNEL AB
3399-3,Benzthiazide
3409-0,Bumetanide
34190-9,THERMOACTINOMYCES VULGARIS AB IGG
34278-2,CYSTINE
34314-5,HEPTACARBOXYPORPHYRN
3432-2,Carbamazapine
34349-1,OXALATE CONC (MMOL/L)
34352-5,PENTACARBOXYPORPHYRN
34467-1,Chylomicrons Chol
34487-9,Influenza A
34574-4,FINAL DIAGNOSIS
34574-4,FINAL DIAGNOSIS
34574-4,Final Diagnosis
34574-4,Final Diagnosis
34574-4,Final Diagnosis
34574-4,FINAL DIANOSIS
34574-4,FINAL DIAGNOSIS
34574-4,CEBPA Final Diagnosis
34574-4,FLT3 FINAL DIAGNOSIS
34589-2,ADAMTS-13 ACTIVITY
34590-0,ADAMTS-13 INHIBITOR
34645-2,C. pnuemaniae PCR Result
34645-2,Chlamydophila pneumonia
34648-6,TOTAL WEIGHT
34651-0,CYP21A2 Full Gene Analysis Result
34673-4,PROPOFOL
34694-0,"VEGF, Plasma"
34700-5,HIV1 DRUG RESISTANCE
34716-1,"Q FEVER IGG,PHASE I"
34717-9,"Q FEVER IGG,PHASE II"
3474-4,CHLORPROPAMIDE
3478-5,Chlorthalidone
3491-8,CLOMIPRAMINE
3493-4,TOTAL(CLOMIP+NORCLOMP)
34964-7,OSMOTIC FRAGILITY
34970-4,Ultrasound Date
3506-3,"CODEINE,TOTAL"
3508-9,CODEINE BY GC/MS
35142-9,Amphiphysin Ab CSF
35143-7,PCA-2 CSF
35144-5,ANNA-3 CSF
35146-0,CAPRIC ACID
35149-4,STEARIC ACID
35150-2,LAURIC ACID
35157-7,MYRISTIC ACID
35158-5,MYRISTOLEIC ACID
35161-9,PALMITIC ACID
35162-7,PALMITOLEIC ACID
35163-5,GAMMALINOLEIC ACID
35164-3,ALPHA LINOLENIC
35165-0,LINOLEIC ACID
35166-8,OLEIC ACID
35167-6,VACCENIC ACID
35168-4,ARACHIDONIC
35169-2,ARACHIDIC
35170-0,NERVONIC ACID
35171-8,DIHOMOGAMMA LINOLENIC ACID
35172-6,MEAD ACID
35173-4,EICOSAPENTAENOIC ACID
35173-4,EPA/DGLA RATIO
35173-4,EPA
35174-2,DOCOSAHEXAENOIC ACID
35182-5,DOCOSATETRAENOIC ACID
3520-4,CYCLOSPORINE LVL
35275-7,"RUB Ab IgG, S"
35279-9,C-ANCA
3530-3,THC CARBOXYLIC ACID
3531-1,Imipramine Desipramine
35334-2,"NTX TELOPEPTIDE, UR"
3536-0,NORCLOMIPRAMINE
35363-1,Chylomicrons Trig
35365-6,VITAMIN D
35385-4,CRMP-5-IgG CSF
35386-2,"CRMP-5, TITER"
35411-8,TRIENE/TETRAENE RATIO
35559-4,M COMP 2 (g/dL)
35569-3,"OLIGO BANDS, SERUM"
3559-2,DIGITOXIN LVL
35644-4,METANEPH/CREAT RATIO
35656-8,"3-OH-octadecanoylcarnitine,C18"
35698-0,METFORMIN LVL
35704-6,"CALCULATED ADA, FL"
35745-9,FAT QUAL TOTAL STL PCT
3579-0,DOXEPIN
3582-4,TOTAL(DOX+NORDOXE)
3610-3,ETHCHLORVYNOL (PLACIDYL)
3639-2,5-FLUCYTOSINE LEVEL
3644-2,FLUOXETINE RESULT
3660-8,Furosemide
3669-9,HALPERIDOL (HALDOL)
3676-4,Hydrochlorothiazide
3680-6,"HYDROCODONE,TOTAL"
3681-4,HYDROCODONE BY GC/MS
3683-0,"HYDROMORPHONE,TOTAL"
3690-5,IMIPRAMINE
36916-5,"KAPPA FLC,SERUM"
36923-1,EBV COPIES/mL
3772-1,"METHADONE,S"
3777-0,METHAMPHETAMINE
38180-6,HCV RNA PCR QT LOG
38256-4,Nucl Cell Fl
3827-3,"MORPHINE,TOTAL"
3831-5,MORPHINE BY GC/MS
3834-9,NAPA
38361-2,Feather Mix IgG Chicken Duck Goose Turkey
38364-6,HALOPERIDOL LVL
38368-7,Pigeon Droppings IgG
38379-4,MTB RESULT
38476-8,"ANTI MULLERIAN HORM,S"
38483-4,CREATININE
3853-9,"NICOTINE,SERUM"
38542-7,REPAGLINIDE
3854-7,NICOTINE UR
3862-0,NORDOXEPIN
3868-7,NORFLUOXETINE
3872-9,NORTRIPTYLINE
38917-1,Human Metapneumovirus
3893-5,"OXYCODONE,TOTAL"
39000-5,"3-OH-iso-butyrylcarnitine,C4-O"
39001-3,"3-OH-isovalerylcarnitine,C5-OH"
39002-1,"3-Methylglutarylcarnitine,C6-D"
39014-6,"Octanedioylcarnitine,C8-DC"
39017-9,Quantiferon TB Result
3905-7,PARALDEHYDE
39087-2,SGPG IGM INDEX
39087-2,MAG Ab IGM EIA
39111-0,Site
39111-0,CEA fluid site
3948-7,PHENOBARBITAL
39528-5,Adenovirus
39534-3,CRYPTOSPORIDIUM AG
39576-4,SULFATE CONC
39615-0,Benzoylcarnitine
3978-4,PRIMIDONE
39804-0,Lp-PLA2 (Lipoprotein-associated phospholipase A2)
3982-6,PROCAINAMIDE
3983-4,PA+NAPA
40431-9,Sex of Control Vial
40444-2,CMV Genotype Comment
40465-7,GLIMEPIRIDE
40469-9,Hydroflumethiazide
4057-6,TOBRAMYCIN PK
40595-1,ANTI-PROTHROMBIN IGG
40596-9,ANTI-PROTHROMBIN IGM
4061-8,TOLBUTAMIDE
40667-8,Rubella IgG
40677-7,"Toxoplasma Ab, IgG, S"
40729-6,"HSV T 1&2 SPEC ANTB, S"
4073-3,TRICYCLIC ANTIDEP.
40787-4,KIDNEY STONE ANALYS.
40793-2,Alk Phos Placental
40851-8,NORMETANEPHRINE BLD
40963-1,STP SEROTYPE 17
40964-9,STP SEROTYPE 2
40965-6,STP SEROTYPE 20
40966-4,STP SEROTYPE 22F
40967-2,STP SEROTYPE 10A
40968-0,STP SEROTYPE 11A
40969-8,STP SEROTYPE 33F
40973-0,STP SEROTYPE 15B
40974-8,STP SEROTYPE 19A
40982-1,INFLUENZA B AB
40982-1,Influenza B
41005-0,Coronavirus NL63
41077-9,Notch 3 Gene Mutation Result
41157-9,CHLAMYDIA TRACHOMATIS IGM
41236-1,"WNV Ab, IgG, CSF"
41276-7,Anion Gap
41276-7,Anion Gap
41396-3,Tenofovir
41402-9,EMITRICITABINE RESISTANCE
41479-7,BK Quant Plasma PCR
41479-7,BK Quant Plasma PCR
41480-5,"BK Virus Quant Urine, PCR"
41647-9,TOTAL CO2 CALC ABG
41647-9,TCO2 Calc
41653-7,GLUCOSE
41870-7,Mature Tryptase
41871-5,NEURONAL VGK AB
42000-0,Lopin and Riton Resistance
42077-8,Patient home phone
42176-8,Fungitell
42178-4,Lipoprotein X
42233-7,ACHR GAN NEURONAL AB
42315-2,Apo E Geno Result
42315-2,Apo E Geno Result
42326-9,Drug Screen 1 Breast Milk
42349-1,REASON FOR REFERRAL
42349-1,REASON FOR REFERRAL
42349-1,REASON FOR REFERRAL
42349-1,Reason For Referral
42349-1,Reason for Referral
42349-1,Reason for Referral
42349-1,REASON FOR REFERRAL
42349-1,Huntington Disease Reason for Referral
42349-1,Reason for Referral
42349-1,Apo E Geno Reason
42349-1,Apo B Reason
42349-1,C9orf72 Reason for Referral
42349-1,FA Reason for Referral
42349-1,CULFB Reason for Referral
42576-9,AMPHETAMINE
42602-3,T. whippelli Fl
42602-3,T. whippelli
42626-2,T. Gondii CSF PCR
42637-9,BNP
42757-5,TROPONIN I
43130-4,Total bile acids
43180-9,HSV Type 2 IgG
43188-2,ANNA-2 AB (RI)
43190-8,SGPG IGM
43190-8,MAG-SGPG Ab IGM EIA
43235-1,"Acrylylcarnitine,C3:1"
43243-5,"ISO-BUTYRYLCARNITINE,C4"
43304-5,CT RNA Result
43305-2,NG RNA Result
43392-0,LDL1 Chol Pattern A
43393-8,LDL4 Chol Pattern B
43396-1,Non-HDL Chol
43396-1,Non-HDL Chol
43396-1,Non-HDL Chol
43396-1,Non-HDL Chol
43396-1,Non-HDL Chol
43396-1,Non-HDL Chol
43399-5,JAK2 V617F Mut Percent
43413-4,UNITS ORDERED
43573-5,"LYME  IGM, WB CSF"
43583-4,Lipoprotein (a)
43583-4,Lipoprotein (a)
43583-4,Lipoprotein (a)
43583-4,Lipoprotein (a)
43583-4,Lipoprotein (a)
43583-4,Lipoprotein (a)
43583-4,Lipoprotein (a)
43588-3,Varicella-Zoster Virus (VZV) A
43600-6,IgM DISIALO GD1b
43601-4,IgG DISIALO GD1b
43727-7,LDL Chol Small
43727-7,LDL Chol Small
43727-7,LDL Chol Small
43729-3,HDL Chol Large
43798-8,"AFP,AF"
43798-8,AFP Amniotic Fluid Results
43868-9,CHLAMYDIA PSITTACI IGG
43913-3,Bordetella Result PCR
43913-3,Bordetella Pertussis
43934-9,"AMPH CONF,MECONIUM"
43993-5,Calculated Age at EDD
43994-3,Trisomy 18 Risk Estimate
43995-0,Down Syndrome Risk Estimate
44036-2,"ANALGESICS, UR"
44050-3,GLU PHOS ISOMERASE
44051-1,ADENYLATE KINASE
44052-9,PHOSPHOFRUCTOKINASE
44053-7,PHOSPHOGLYC KINASE
44054-5,TRIOSEPHOSPHATE ISOM
44342-4,NORMET/CREAT RATIO
44357-2,A. Galactomannan
44507-2,"HSV Ab, IgM, S by IFA"
44738-3,IgG ASIALO GM1
44750-8,IgM MONOSIALO GM1
44825-8,B QUINTANA IGM
44827-4,B QUINTANA IGG
44828-2,Teriflunomide
44877-9,Insulin Dependent Diabetes
44877-9,Insulin Dependent Diabetes
44981-9,CHLAMYDIA PNEUMO IGG
45057-7,ANTI-CARDIOLIPIN ABY
45166-6,"DIPHTHERIA IGG AB,S"
45169-0,IgG MONOSIALO GM1
45175-7,HIV1 Genotype Rev Trans Mutations
45176-5,Nonnucleoside RT mutations
45374-6,TYPE & SCREEN EXPIRES
45374-6,CROSSMATCH EXPIRATION
45401-7,Pt Zip Code
4542-7,Haptoglobin
4544-3,HEMATOCRIT
4548-4,Hemoglobin A1c
4548-4,Hemoglobin A1c
4548-4,Hemoglobin A1c
4548-4,Hemoglobin A1c
4548-4,Hemoglobin A1c
4548-4,Hemoglobin A1c
4548-4,Hemoglobin A1c POC
4548-4,Hemoglobin A1c
4548-4,Hemoglobin A1c
4548-4,Hemoglobin A1c
4548-4,Hemoglobin A1c
4548-4,Hemoglobin A1c
4548-4,Hemoglobin A1c
4548-4,Hemoglobin A1c
4548-4,Hemoglobin A1c POC
4548-4,Historical Hemoglobin A1c
4548-4,Historical Hemoglobin A1c
4548-4,OSH Hemoglobin A1c
4548-4,OSH Hemoglobin A1c
4551-8,HGB A2 QUANT
4551-8,Hemoglobin A2
4576-5,HGB F QUANT
4576-5,Hemoglobin F
4579-9,"HGB F,RED CELL DIST."
46128-5,TRANSGLUTAMINASE IgA
4621-9,Hgb S Quant
4625-0,Hgb S Quant
46252-3,ACYLCARNINTINES
4633-4,HGB F STAIN
46419-8,RBC UA
46429-7,A1AT Feces 24 Hr
4644-1,"HEMOSIDERIN,U"
46499-0,Patient State
46699-5,Fibroblast Growth Factor 23
46702-7,"WBC, UA"
46756-3,Fatty Acid Disorders
46761-3,Biotinidase Deficiency
46762-1,Hypothyroidism
4685-4,SULFHEMOGLOBIN
46974-2,"OXYMORPHONE,FREE"
46984-1,LDL2 Chol Pattern A
46985-8,LDL3 Chol Pattern B
46986-6,VLDL-3 Chol (Remnant Lipoprotein)
46986-6,VLDL-3 Chol (Remnant Lipoprotein)
47004-7,"6-MAM,FREE"
47213-4,LDL-Real Size Pattern
47213-4,LDL Chol Pattern
47213-4,LDL Density Pattern
47215-9,LDL Chol Medium
47224-1,IVF Pregnancy
47320-7,S CEREVISIAE IgA
47321-5,S. CEREVISIAE IgG
47322-3,SCL-70 AB
47393-4,GLIADIN IGA
47394-2,GLIADIN IGG
47401-5,CRMP-5-IGG
47405-6,E.chaffeensis IgG
47549-1,ADENOSINE DEAMINASE
47938-6,TYPE FL
47938-6,Lactic Acid BF Source
48039-2,FETAL FIBRONECTIN
48055-8,Pneumocystis Smear Result
48159-8,HEP CAB SIGNAL TO CUT-OFF
48159-8,HCV S/CO Ratio
48309-9,BK Virus Urine Copies/ML
48366-9,PENTADECANOIC ACID
48371-9,DOCOSAPENTAENOIC ACID
48378-4,"KAPPA/LAMBDA FLC RATIO,S"
48391-7,TCO2 Calc
48404-8,MYELOPEROXIDASE AB
48408-9,PROTEINASE 3 ANTIBODY
48428-7,TOTAL C18-trans
48555-7,Fetal Maternal Hemorrhage Scrn
48590-4,Activated PTT + Activated Protein C Resist
48591-2,APC RESISTANCE INTERPRETATION
48642-3,eGFR Non-African American
48642-3,eGFR Non-African American
48642-3,eGFR Non-African American
48642-3,eGFR Non-African American
48642-3,eGFR Non-African American
48642-3,eGFR Non-African American
48643-1,eGFR African American
48643-1,eGFR African American
48643-1,eGFR African American
48643-1,eGFR African American
48643-1,eGFR African American
48654-8,Diphtheria IgG value
48708-2,FRESH RBC CSF
48709-0,CRENATED RBC CSF
48767-8,Lipid Comment Fluid
48767-8,IF Block AB Comment
48767-8,G1PU Comment
48767-8,GAP Comment
48767-8,Acylcarn Comment
48767-8,OTHER INFORMATION
48767-8,Sulf Urea Comment
48767-8,Metanephrine Comment
48767-8,Kidney Stone Analysis Comment
48767-8,Peroxisomal Comment
48767-8,GENERAL TEST INFO
48767-8,Mitogen Comment
48767-8,Antigen Comment
48767-8,COMMENTS
48767-8,GRN Additional Information
48767-8,CULFB Additional Information
48767-8,C9orf72 Follow Up Comment
48767-8,B Cell Immune Assess Comment
48792-6,Necroinfl Act Score
48793-4,Necroinfl Act Grade
48794-2,Fibrosis Stage
48795-9,Fibrosis Score
48864-3,Bartonella PCR Tissue Result
49024-3,DIFF TYPE
49049-0,Busulfan IV Immed Draw Time
49049-0,Busulfan IV 1 Hr Draw Time
49049-0,Busulfan IV 2 Hr Draw Time
49049-0,Busulfan IV 4 Hr Draw Time
49051-6,Gest Age Wks
49061-5,HEPATIC IRON INDEX
49090-4,Down Syndrome Mat Age Risk
49092-0,Recalculated Maternal Serum Screen
49136-5,CK MB INDEX
49216-5,HEXOKINASE
49243-9,ALKALINE PHOSPHATASE
49244-7,A1AT Proteotype
49247-0,"AMINO ACID SCRN,SERU"
49275-1,SPEP-IFE Interpretation
49278-5,INTERPRET
49278-5,Protein ELP 24 Hr Ur Interp
49280-1,INTERPRETATION
49316-3,Hemoglobin ELP Comment
49412-0,JC VIRUS AB
49497-1,PLT ESTIMATE
49549-9,CYSTIC FIBROSIS DX METHOD
49549-9,A-1 ANTITRYPSIN METHOD
49549-9,HFE GENE MUTATION METHOD
49549-9,METHOD
49549-9,FRAGILE X METHOD
49549-9,METHOD
49549-9,Method
49549-9,METHOD
49549-9,Apolipoprotein B Method
49549-9,C9orf72 Method
49549-9,FA Method
49549-9,CULFB Method
49618-2,Atazanavir with RTV
49619-0,Indinavir with RTV
49621-6,Saquinavir with RTV
49622-4,Tipranavir with RTV
49630-7,Darunavir with RTV
49660-4,HIV1 DRUG RESISTANCE
49700-8,METANEPHRINE BLD
49730-5,"ASPERGILLIS AB,CSF"
49748-7,HDL-P Chol
49748-7,HDL-P Chol
49750-3,"DHC/HYDROCODOL,FREE"
49836-0,PFA INTERPRETATION
49876-6,ALPHA OH-TRIAZOLAM-BY GC/MS
49900-4,HEPTACARBOXYL I
49901-2,HEPTACARBOXYL III
4999-9,CMV PCR Ur Result
5000-5,CMV PCR
5002-1,"EPSTEIN BARR VIRUS PCR QT,B"
50194-0,Remnant Lipoprotein (IDL+VLDL3)
50194-0,Remnant Lipoprotein (IDL+VLDL3)
50262-5,RETIC BATTERY
50313-6,CYCLOSPORA STAIN
50347-4,"PV B19,BONE MARROW"
50397-9,RESULT SUMMARY
50397-9,Result Summary
50397-9,Result Summary
50397-9,Result Summary
50397-9,C9orf72 Result Summary
50397-9,GRN Result Summary
50397-9,MAPT Result Summary
50397-9,mtDNA Result Summary
50397-9,CULFB Result Summary
50397-9,Result summary
50397-9,Result Summary
50410-0,Dil Venom Confirm Ratio
5048-4,ANA Titer Interp
50544-6,EVEROLIMUS
50551-1,BILIRUBIN UA
50557-8,"KETONES, URINE"
50558-6,NITRITE UA
50560-2,PH UA
50561-0,"PROTEIN, UA"
50562-8,"SPEC GRAV, UA"
50562-8,"SPEC GRAV, UA"
5058-3,"BLASTOMYCES BY IMMUNODIF, SERUM"
50731-9,SRA HEP HIGH DOSE
50732-7,SRA HEP LOW DOSE
50735-0,SRA Interpretation
50796-2,M COMP 3 (g/dL)
50797-0,M COMP 4 (g/dL)
50941-4,AFB Smear
50944-8,20 UM ADP WB PLT AGG
5096-3,Coccidioides Ab CF
50996-8,B-GLOBIN GENE SEQUENCING
50996-8,B-GLOB GENE SEQUENCE
50998-4,Cystic Fibrosis Result
51007-3,"DAT,POST"
5104-5,Coxsackie B1 Titer
5106-0,Coxsackie B2 Titer
5108-6,Coxsackie B3 Titer
5110-2,Coxsackie B4 Titer
5112-8,Coxsackie B5 Titer
5114-4,Coxsackie B6 Titer
5131-8,dsDNA Ab Result
5133-4,DNASE B AB
51406-7,FREE L C EXCRETE
51406-7,PREV L C EXCRETE
51409-1,FPV with RTV
51415-8,"Methylmalonyl-succinylcarn,C4-"
51416-6,"Tiglylcarnitine,C5:1"
5143-3,Echovirus AB Type 4
51435-6,M COMP 1 (g/dL)
51453-9,COXSACKIE B1-6 AB
5147-4,Echovirus AB Type 9
51480-2,BACTERIA UA
51539-5,CANDIDA ALBICANS IGG
5156-5,EBV EBNA-1 IgG
51730-0,HSV 6 INTERPRETATION
51741-7,"BLASTOMYCES AB,CSF"
51741-7,"BLASTOMYCES,IMMUNODIFFUSION"
51748-2,PCA-3 CSF
51754-0,Histoplasma AG CSF Result
51761-5,GIARDIA LAMBLIA INT.
51765-6,"DHC/HYDROCODOL,TOTAL"
51776-3,7-NH-CLONAZEPAM-BY GC/MS
51777-1,7-NH-FLUNITRAZEPAM-BY GC/MS
51781-3,TCO2 Calc
5179-7,HAV AB IgG
5189-6,HEP B E AB
51916-5,HSV Type 1 IgG
51916-5,HSV 1 IgG Serum
5196-1,HBs Ag
51964-5,HIV-1 Genotypic Integrase Resi
5209-2,HSV 2 IgG Serum
5218-3,HISTOPLASMA AB IMMUNODIFFUSION
5221-7,HIV WESTERN BLOT
5244-9,Measles IgG Antibody Index
52531-1,Health Care Provider City
52532-9,Health Care Provider State
52535-2,Maternal Scr Other Information
5255-5,"M. pneumoniae Ab, IgG, S"
5256-3,"M. pneumoniae Ab, IgM, S"
52749-9,Etravirine
52756-4,Dil Venom Confirm Time
52770-5,EXTEM CLOT FIRMNESS 20 MIN
52771-3,INTEM CLOT FIRMNESS 20 MIN
52773-9,EXTEM CLOTTING TIME
52774-7,APTEM CLOTTING TIME
52776-2,INTEM CLOTTING TIME
52779-6,APTEM MAX CLOT FORMATION
52780-4,FIBTEM CLOT FORMATION
52781-2,INTEM MAX CLOT FORMATION
52783-8,EXTEM MAXIMUM LYSIS
52786-1,EXTEM MAX CLOT FORMATION
52787-9,INTEM MAXIMUM LYSIS
5313-2,ROCKY MTN SPOTTED FEVER IGG
5315-7,ROCKY MTN SPOTTED FEVER IGM
53255-6,Mycoplasma pneumoniae
53261-4,Amino Acid Disorders
5332-2,RUBELLA
53328-1,Glucose Ur
5334-8,Rubella IgG Ab Index
53471-9,"Decadienoylcarnitine,C10:2"
53622-7,VWF ACTIVITY
5370-2,ASO
53706-8,MYASTHENIA GRAVIS EV
53709-2,ANTIGLIAL NEURONAL NUCLEAR AB
53714-2,AGNA-1 CSF
53717-5,PURKINJE TYPE 1 AB
53731-6,POSACONAZOLE LEVEL
53760-5,"CLADOSPORIUMM, IGE"
53761-3,JAK2 V617F Result
53761-3,JAK2 V617F Result
53819-9,TPMT
53859-5,BEHENIC ACID
53920-5,Thyroglobulin Tumor Marker FNA
53923-9,TROPISM DNA RESULT
53935-3,Tet Toxoid IgG value
5403-1,Varicella IgG Antibody Index
54079-9,Galactosemia Newborn Screen
54081-5,Hemoglobinopathies
54218-3,Helper/Suppressor Ratio
54434-6,LDL Particle Number
54434-6,LDL Particle Number
54445-2,ERUCIC ACID
54905-5,NOROVIRUS G1 PCR
54906-3,NOROVIRUS G2 PCR
55092-1,FIP1L1-PDGFRA GENE REARRANGEMENT
55107-7,Maternal Scr Add Comments
55107-7,AFP Amniotic Fluid Additional Comments
55135-8,"BCR/ABL1, p210"
55159-8,Ursodeoxycholic acid
55281-0,Number of Fetuses
55440-2,LDL-Real Chol
55465-9,Influenza A RNA
55465-9,2009 Inf H1 Gene
5568-1,"ACETONE,VOLATILE SC"
55776-9,"DAT, IGG COOMBS"
55801-5,0.50 MG/ML RISTO
5583-0,"ARSENIC,HMS,BLOOD"
5584-8,ARSENIC HAIR
5586-3,Arsenic
5587-1,ARSENIC UR
5587-1,Arsenic 24H U
55871-8,"Heptanolycarnitine,C7"
55876-7,Homocitrulline PLASMA
55940-1,"Malonylcarnitine,C3-DC"
56006-0,10.0 UM ADP ASPIRIN
56006-0,10 UM ADP WB PLT AGG
56008-6,1 MCG/ML COLLAGEN WB PLT AGG
56010-2,0.25 MG/ML RISTO
56015-1,1 MCG/ML COLLAGEN SECR
56027-6,1.0 MG/ML RISTO
5609-3,"CADIUM,HMS,BLOOD"
5611-9,Cadmium Conc
5611-9,Cadmium
5612-7,"CADMIUM, 24H UR"
5612-7,"CADMIUM, URINE"
56152-2,BETA 2 GLYCOPROTEIN
5622-6,"CHROMIUM, SERUM"
5624-2,"CHROMIUM,U 24HR"
5627-5,Cobalt
5631-7,COPPER
5631-7,"COPPER,SERUM"
5633-3,"COPPER, URINE"
5643-2,"ETHANOL, LVL"
5643-2,"ETHANOL,VOLATILE SC."
56469-0,Estimated CHD Risk
56536-6,Thyroglobulin Ab
56537-4,TRANSGLUTAMINASE IGG
5669-7,ISOPROPANOL
5676-2,Lead
5677-0,"LEAD, 24H UR"
5677-0,"Lead,24 Hr,U"
56799-0,Patient street address
5685-3,"MERCURY,BLOOD"
5689-5,Mercury Conc
5689-5,Mercury
5693-7,METHANOL
56940-0,INHIBIN B
56991-3,Toxoplasma IgG Value
57086-1,Congenital Adrenal Hyperplasia
57182-8,TROPOTYPE RESULT
57414-5,RETICULIN IgA AUTOAB
5763-8,ZINC
5763-8,"ZINC,SERUM"
5765-3,"ZINC, URINE"
5767-9,"CLARITY, UA"
57741-1,Max Prolif of PHA as % CD3
57780-9,Thyroglobulin AB Scrn
5778-6,"COLOR, UA"
5787-7,"SQUAM EPITHEL, UA"
57917-7,Parrot Australian (Budgerigar) Droppings IgG
57921-9,TCO2 Calc
5792-7,POC Urine Glucose
57934-2,"Chikungunya IgM,Ab,S"
5794-3,POC Urine Blood
5796-8,HYALIN CASTS
57974-8,"HIV-1 AB,W BLOT,CSF"
5797-6,POC Urine Ketones
5799-2,Leukocyte Esterase Ur POC
5802-4,POC Urine Nitrites
5803-2,POC Urine PH
5804-0,POC Urine Protein
5821-4,UA WBC ESTIMATE
5821-4,"WBC,UA"
5834-7,Adenovirus DFA
58375-7,"ETHYL GLUCURONIDE,U"
5838-8,Report Culture CMV
58431-8,MICROALBUMIN (TIMED)
5846-1,Report HSV DFA
5862-8,INFLUENZA A AG
5863-6,Influenza A DFA
58642-0,Cortisol Midnight Saliva
5866-9,INFLUENZA B AG
58674-3,Cortisol AM Saliva
58676-8,Cortisol PM Saliva
5867-7,Influenza B DFA
5869-3,Parainfluenza 1 DFA
5871-9,Parainfluenza 2 DFA
5873-5,Parainfl 3 Rslt
5873-5,Parainfluenza 3 DFA
5877-6,RSV DFA
5877-6,Report RSV DFA Screen
5880-0,Rotavirus Ag Stool
5882-6,Report VZV DFA
58912-7,Pigeon Feathers IgG
58914-3,A niger IgG
58916-8,Canary Feathers IgG
58952-3,"TESTOSTERONE, FREE, SERUM"
5902-2,PROTIME
5902-2,"PROTIME,PRE-MIX"
5905-5,MONOS PCT
59062-0,Lipoprofile NMR
5910-5,LD ISOENZYMES
59154-5,Base Deficit Cord Bld
59154-5,Base Deficit Cord Bld
59183-4,EBV Early Ag-D IgG
59195-8,"3-OH-dodecenoylcarnitine,C12:1"
59323-6,Rufinamide
593-4,LEGIONELLA SMEAR
59462-2,Supersaturation Profile Interpretation
59462-2,Lipid ELP Interp
59462-2,Maternal Scr Interpretation
59462-2,Biotinidase Comment
59462-2,"INTERP,CARNITINES"
59462-2,PBGD Interpretation
59462-2,ALAD Interpretation
59462-2,Hexosaminidase A and Total Interp
59462-2,Porphyrins Feces Interp
59462-2,Porphobilinogen Random Ur
59462-2,Porphyrins 24Hr Quant Interp
59462-2,AFP Amniotic Fluid Interp
59462-2,PLASMA PORPH INTERP.
59462-2,Coenzyme Q10 Reduced & Total Interp
59462-2,PORPHYRINS INTERP
59462-2,Amino Acids QT CSF Interp
59462-2,Porphyrins Random Qn Interp
59462-2,Interp Porphyrins Plasma
59462-2,PROTOPORPH FRACT INTERP
59462-2,FA Interpretation
59464-8,Q FEVER INTERP.
59464-8,Parvovirus B19 G&M Interp
59466-3,OS FRG COMMENT
59466-3,RBC ENZYME INTERP.
59466-3,INTERPRETATION
60026-2,LEUKOCYTE ESTERASE UA
6020-2,ALTERNARIA TENUIS
6022-8,ASCARIS IGE AB
6025-1,ASPERGILLUS FUMIGATUS
6025-1,A fumigatus IgE
6029-3,A pullulans IgE
6041-8,BERMUDA GRASS
60463-7,INSULIN ANTIBODIES
60463-7,INSULIN ABS
60467-8,"OXYMORPHONE,TOTAL"
6075-6,C herbarum/Hormodendrum IgE
6077-2,"COCKLEBUR, IGE"
6095-4,HOUSE DUST MITES/DF
6096-2,HOUSE DUST MITES/DP
6099-6,DOG EPITHELIUM IGE
6109-3,"ELM, IGE"
61199-6,Integrase mutations
6124-2,GIANT RAGWEED
6138-2,HELMINTHOSPORIUM
6178-8,"MAOUNTAIN CEDAR, IGE"
6181-2,"MOUSE URINE,IgE-COUNT"
6189-5,"OAK, IGE"
6212-5,P chrysogenum/notatum IgE
62255-5,LP-IR Score
6226-5,"RAT URINE, IgE-COUNT"
62364-5,Maternal Scr General Test Information
62423-9,Coronavirus HKU1
6244-8,"RED SORREL,IGE"
62467-6,A Galactomannan BW Index
62468-4,Fungitell CSF
62468-4,Fungitell BAL
62468-4,Fungitell BW
6265-3,TIMOTHY GRASS
6292-7,CD 55
6298-4,Potassium
6298-4,Potassium
6299-2,BUN
6301-6,INR
6304-0,Parakeet Droppings IgE
6320-6,LYME IGG WB
6321-4,LYME IGM WB
63454-3,TPMT Result
63557-3,HBsAb Quant
6381-8,"CMV AG,FA"
6392-5,Echovirus AB Type 30
64084-7,Quantiferon TB Minus NIL
6411-3,GIARDIA LAMBLIA IgG
6428-7,Histoplasma Ag EIA
6476-6,"Mumps IgG Screen, S"
6479-0,"Mumps Ab IgM, IFA"
65645-4,Apolip E Genotype
65645-4,Apo E Geno Released By
65645-4,Apo B Reviewed by
6584-7,Report Culture Viral Misc
664-3,GRAM STAIN
66483-9,HEPARIN UNFRACTIONATED
66485-4,BRUCELLA AB INTERPRETATION
66746-9,"BUN FL, SPECIMEN TYPE"
66746-9,"ALBUMIN, FL, SPECIMEN TYPE"
66746-9,"PROTEIN, FL, SPECIMEN TYPE"
66746-9,"AMYLASE, FL, SPECIMEN TYPE"
66746-9,"LD, FL, SPECIMEN TYPE"
66746-9,"GLUCOSE, FL, SPECIMEN TYPE"
66746-9,"PH, FL, SPECIMEN TYPE"
66746-9,Triglycerides Fluid Spec Type
66746-9,Bordetella Specimen Description
66746-9,Chol Fl Spec Type
66746-9,"CREATININE FL, SPECIMEN TYPE"
66746-9,COXSACKIE B1-6 AB SPEC TYPE
66746-9,SPECIMEN TYPE
66746-9,"SPEC TYPE,OSMO"
66746-9,SPECIMEN TYPE:
66746-9,SPECIMEN
66746-9,SPECIMEN TYPE
66746-9,SPECIMEN TYPE
66746-9,CEBPA specimen type
667-6,FUNGAL SMEAR
6687-8,Citrate Excretion 24H UR
6690-2,WBC
6693-6,MERCURY UR
6693-6,"MERCURY, URINE"
6708-2,Echovirus AB Type 11
675-9,PINWORM EXAM (PREP)
6768-6,ALK PHOS
6768-6,ALK PHOS
6768-6,"Alkaline Phosphatase, S"
6768-6,Alkaline Phosphatase
6771-0,"Alpha-1-Antitrypsin, S"
6771-0,A-1 Antitrypsin
6774-4,DESETHYLAMIODARONE
6782-7,IGG/ALB SERUM
6792-6,"POTASSIUM QN,F"
6801-5,C3 COMPLEMENT FL
6808-0,ASPERGILLUS FUMIGATUS IDENTIFICATION
6824-7,COLOR FL
6830-4,ASPERGIL NIGER
6830-4,A niger IgE
6833-8,"CAT EPITHELIUM,IGE"
68340-9,Health Care Provider Phone
68363-1,O2 Sat Cord Bld
68363-1,O2 Sat Cord Bld
68463-9,Rilpivirine
6864-3,Hgb S Quant
6874-2,"CALCIUM, 24H UR"
6874-2,"CALCIUM,U,24 HR"
6896-5,CLOZAPINE
68994-3,Newborn Scr Testing Lab
68997-6,Patient City
69012-3,m-Hydroxybenzoylecgonine
6901-3,Insulin Free
69014-9,Max Prolif of CA as % CD45
69015-6,Max Prolif of CA as % CD3
69016-4,Max Prolif of TT as % CD45
69019-8,Max Prolif of PWM as % CD45
69020-6,Max Prolif of PWM as % CD3
69025-5,"MDMA Confirm,Meconium"
69028-9,Oxymorphone
69029-7,Max Prolif of TT as % CD3
69037-0,Max Prolif of PWM as % CD19
69038-8,Max Prolif of PHA as % CD45
69047-9,Cystic Fibrosis Interpretation
69047-9,FACTOR V LEIDEN MUTATION REVIEWED BY
69047-9,HFE Gene Mutation Interpretation
69047-9,Warfarin Sensitivity Genotype Interp
69047-9,Fragile X Interpretation
69047-9,Apo E Geno Interp
69047-9,CYP21A2 Full Gene Analysis Interp
69047-9,Huntington Disease Interpretation
69047-9,TPMT Interpretation
69047-9,Apo E Geno Summary
69047-9,Apo B Interp
69047-9,C9orf72 Interpretation
69047-9,GRN Interpretation
69048-7,C2 COMPLEMENT INTERP
69048-7,Paraneoplastic AB Interpretive Comments
69048-7,WNV CSF Interp
69048-7,West Nile Interp
69048-7,Chikungunya Interp
69048-7,Dengue Virus Interp
69048-7,MG LE Interpretation
69048-7,MG Interpretation
69048-7,IABCS Interp
69048-7,Zika Virus PCR Interp
69048-7,Zika Virus Ur PCR Interp
69049-5,Factor V Leiden Interp
69049-5,PROTHROMBIN G20210A MUT INTERP
69049-5,MTHFR Mutation Interpretation
69050-3,Benzodiazepine CNF Ur Interpretation
69050-3,"INTERPRETATION,THC"
69050-3,"INTERP,OPIATES"
69050-3,"Coke Conf,Meconium Interp"
69050-3,"Opiate Conf,Meconium Interp"
69050-3,"Amph Conf,Meconium Interp"
69052-9,PNH INTERPRETATION
69052-9,Lymphocyte Proliferation Panel Interp
69052-9,Lymphocyte Proliferation Panel Interp
69052-9,CVID Interp
69053-7,Thyroglobulin Interp
6906-2,SERTRALINE
6908-8,C4 COMPLEMENT FL
6913-8,C. pneumoniae IgG
6914-6,C. pneumoniae IgM
6916-1,C. psittaci IgG
6917-9,C. psittaci IgM
6919-5,C. trachomatis IgG
6920-3,C. trachomatis IgM
6922-9,Echovirus AB Type 7
6929-4,"ALUMINUM,U,CONC."
6954-2,B HENSELAE IGG
6955-9,B HENSELAE IGM
6957-5,"WEE Ab IgG, S"
6958-3,"WEE Ab, IgM, S"
70252-2,ISLET CELL AB SCR
705-4,BASO ABS
707-0,BASOS PCT
712-0,EOS ABS
713-8,EOS PCT
718-7,HEMOGLOBIN
721-1,"FREE HEMOGLOBIN, PLAS"
72257-9,PFA-100
72333-8,JAK2 V617F Mut Percent
72486-4,LAL Reviewed by
72525-9,RALTEGRAVIR RESISTANCE
72526-7,ELVITEGRAVIR RESISTANCE
72857-6,DOLUTEGRAVIR RESISTANCE
732-8,LYMPHS ABS
73561-3,IGF-1 Z-SCORE
73571-2,Osmotic Gap
736-9,LYMPHS PCT
73748-6,Apolipoprotein B
73754-4,Adenovirus
73908-6,"ALLO-ISOLEUCINE,URINE"
73933-4,NORMEPERIDINE
73934-2,MEPERIDINE
7407-0,"WHITE HICKORY, IGE"
743-5,MONO ABS
753-4,NEUTROS ABS
770-8,NEUTROS PCT
777-3,PLATELETS
7795-8,PAPPENHEIMER BODIES
7801-4,ANTIPHOSPHATIDYLSERINE IGG
7802-2,ANTIPHOSPHATIDYLSERINE IGM
7816-2,Blastomyces Ab S
785-6,MCH
786-4,MCHC
787-2,MCV
788-0,RDW
789-8,RBC
789-8,RETIC RBC
791-4,RBC CSF
7983-0,Parvovirus B19 IgG
7984-8,Parvovirus B19 IgM
798-9,"BLOOD, UA"
7993-9,Human Rhinovirus/Enterovirus
8015-0,"Rubella Ab IgM, Serum"
8061-4,ANA Interp
8063-0,ANTICARDIOLIPIN IGA
8065-5,ANTICARDIOLIPIN IGG
8067-1,ANTICARDIOLIPIN IGM
8097-8,STRIATED MUSCLE AB
8098-6,Thyroglobulin AB
8099-4,THYROID PEROXIDASE AB
8100-0,Specimen preparation
8101-8,CD8 Suppressor Cells Percent
8116-6,CD19 B Cells Absolute
8116-6,CD19(+)
8117-4,CD19 B Cells Percent
8117-4,CD19(+) Percent of Total Lymphocytes
8119-0,CD20(+) Percent of Total Lymphocytes
8122-4,CD3 T Cells Absolute
8123-2,CD4 Helper Cells Percent
8124-0,CD3 T Cells Percent
8214-9,"OPIATES,MECONIUM"
8251-1,Lipid Comment
8251-1,QuantiFERON Criteria
8251-1,MAPT Additional Information
8277-6,BODY SURFACE AREA
8302-2,HEIGHT (INCHES)
8310-5,PATIENT TEMP BLD GAS
8665-2,Last Menstrual Period
8665-2,LAST MENST PERIOD
8691-8,Zika Virus Patient Exposure
8806-2,ECHO LVEF
8806-2,ECHO LVEF
8808-8,CATH LVEF
8808-8,CATH LVEF
8811-2,MRI LVEF
8811-2,MRI LVEF
8812-0,MUGA LVEF
8812-0,MUGA LVEF
882-1,MOTHER'S ABO/Rh
890-4,ANTIBODY SCREEN
890-4,Blood group antibody screen
897-9,ELUATE
906-8,ANTIGEN INFO
9315-3,"WEE Ab, IgG, CSF"
9316-1,"WEE Ab, IgM, CSF"
9318-7,Microalb/Creat Ratio
9324-5,TAURINE
933-2,COMPONENT TYPE
9335-1,CHARACTER FL
9374-0,CHARACTER CSF
9397-1,COLOR
9412-8,Leucine
9415-1,"Carbamazapine-10,11-Epoxide"
9447-4,"HEPTACARBOXYL PORP,P"
9451-6,"HEXACARBOXYL PORPH,P"
9453-2,Histidine
9490-4,ASPERGILLUS FLAVUS
9498-7,CANDIDA ALBICANS IGA
9500-0,CANDIDA ALBICANS IGM
9508-3,Chlorothiazide
9539-8,"LAC Ab, IgG,CSF"
9540-6,"LAC Ab IgM, CSF"
9558-8,CD20(+)
9572-9,Parvo B19 by rapid PCR
9627-1,TOTAL(IMIP+DESIP)
9629-7,TOLAZAMIDE
9710-5,"Q FEVER IGM,PHASE I"
9711-3,"Q FEVER IGM,PHASE II"
9830-1,Chol/HDL Ratio
9830-1,Chol/HDL Ratio
9830-1,Chol/HDL Ratio
9830-1,Chol/HDL Ratio
9830-1,Chol/HDL Ratio
9830-1,Chol/HDL Ratio
9830-1,Chol/HDL Ratio
9832-7,HDL-2 Chol
9832-7,HDL-2 Chol
9833-5,HDL-3 Chol
9833-5,HDL-3 Chol
9835-0,HYDROMORPHONE QUANT.
